Name,Address,Latitude,Longitude,Phone,Rating,Opening Hours
Prime Niche Workspaces,"101A, Brookstone Close, Prof. Abowei Road, GRA, Phase 2, Rumueme 502001, Port Harcourt, Rivers, Nigeria",4.822681,6.992679,0818 154 1040,,"['Monday: 8:00\u202fAM\u2009–\u20095:30\u202fPM', 'Tuesday: 8:00\u202fAM\u2009–\u20095:30\u202fPM', 'Wednesday: 8:00\u202fAM\u2009–\u20095:30\u202fPM', 'Thursday: 8:00\u202fAM\u2009–\u20095:30\u202fPM', 'Friday: 8:00\u202fAM\u2009–\u20095:30\u202fPM', 'Saturday: 9:00\u202fAM\u2009–\u20095:30\u202fPM', 'Sunday: Closed']"
KoWork NG,"Deborah Lawson House, Sani Abacha Road, GRA 500271, Port Harcourt, Rivers, Nigeria",4.8167195,6.9956455,0817 973 1451,4.8,"['Monday: 8:00\u202fAM\u2009–\u20095:00\u202fPM', 'Tuesday: 8:00\u202fAM\u2009–\u20095:00\u202fPM', 'Wednesday: 8:00\u202fAM\u2009–\u20095:00\u202fPM', 'Thursday: 8:00\u202fAM\u2009–\u20095:00\u202fPM', 'Friday: 8:00\u202fAM\u2009–\u20095:00\u202fPM', 'Saturday: 10:00\u202fAM\u2009–\u20093:00\u202fPM', 'Sunday: Closed']"
Rewod Tech Hub and Co-work Space,"Rewod Technologies, Flat 6, road 24, 13 Agip Rd, opposite road, housing estate 500262, Port Harcourt, Rivers, Nigeria",4.8115242,6.970865099999998,0909 433 8865,5,"['Monday: 9:00\u202fAM\u2009–\u20095:00\u202fPM', 'Tuesday: 9:00\u202fAM\u2009–\u20095:00\u202fPM', 'Wednesday: 9:00\u202fAM\u2009–\u20095:00\u202fPM', 'Thursday: 9:00\u202fAM\u2009–\u20095:00\u202fPM', 'Friday: 9:00\u202fAM\u2009–\u20095:00\u202fPM', 'Saturday: 9:00\u202fAM\u2009–\u20095:00\u202fPM', 'Sunday: Closed']"
Pyale Workhub,"21 Bekwere Wosu St, phalga 500261, Port Harcourt, Rivers, Nigeria",4.8004129,7.003333800000001,0817 710 1010,5,"['Monday: 8:00\u202fAM\u2009–\u20095:00\u202fPM', 'Tuesday: 8:00\u202fAM\u2009–\u20095:00\u202fPM', 'Wednesday: 8:00\u202fAM\u2009–\u20095:00\u202fPM', 'Thursday: 8:00\u202fAM\u2009–\u20095:00\u202fPM', 'Friday: 8:00\u202fAM\u2009–\u20095:00\u202fPM', 'Saturday: 9:00\u202fAM\u2009–\u20093:30\u202fPM', 'Sunday: Closed']"
SPACETRAX INNOVATION HUB,"NO 43 ORO-EKPO, Off Ada-George Road, Rumu opirikom 500272, Port Harcourt, Rivers, Nigeria",4.8319481,6.9709765,,5,
The Book Pod,"101 Brookstone Close, Off Professor Abowei Street, GRA Phase 2 500272, Port Harcourt, Rivers, Nigeria",4.8227137,6.9926343,0703 171 4859,4.8,"['Monday: 8:00\u202fAM\u2009–\u20096:00\u202fPM', 'Tuesday: 8:00\u202fAM\u2009–\u20096:00\u202fPM', 'Wednesday: 8:00\u202fAM\u2009–\u20096:00\u202fPM', 'Thursday: 8:00\u202fAM\u2009–\u20096:00\u202fPM', 'Friday: 8:00\u202fAM\u2009–\u20096:00\u202fPM', 'Saturday: 8:00\u202fAM\u2009–\u20096:00\u202fPM', 'Sunday: Closed']"
The Cave,"9 Bimko Crescent, Off Sani Abacha Road, Rumueme 500001, Port Harcourt, Rivers, Nigeria",4.8208327,6.9943079,0904 828 9464,4.8,"['Monday: 9:00\u202fAM\u2009–\u20095:00\u202fPM', 'Tuesday: 9:00\u202fAM\u2009–\u20095:00\u202fPM', 'Wednesday: 9:00\u202fAM\u2009–\u20095:00\u202fPM', 'Thursday: 9:00\u202fAM\u2009–\u20095:00\u202fPM', 'Friday: 9:00\u202fAM\u2009–\u20094:30\u202fPM', 'Saturday: Closed', 'Sunday: Closed']"
theBUNKer Port Harcourt,"4 Iwowari Avenue, local government area, Off Peter Ofili Road, Phalga 500101, Port Harcourt, Rivers, Nigeria",4.793618299999999,7.038691399999999,0805 524 3441,,
"Regus - Port Harcourt, Trans Amadi","Regus Building, Old Michelin Compound, Plot 129-132 Trans-Amadi Industrial Layout Rd, Trans Amadi 500221, Port Harcourt, Rivers, Nigeria",4.819021599999999,7.0404156,01 448 9204,4.1,"['Monday: Open 24 hours', 'Tuesday: Open 24 hours', 'Wednesday: Open 24 hours', 'Thursday: Open 24 hours', 'Friday: Open 24 hours', 'Saturday: Open 24 hours', 'Sunday: Open 24 hours']"
Spronet Hub,"Spronet Hub, 1st Floor Chazah Mall, Ada-George Road, Rumuochita 500102, Port Harcourt, Rivers, Nigeria",4.8411026,6.975749899999999,0903 713 5958,4.4,"['Monday: 9:00\u202fAM\u2009–\u20095:00\u202fPM', 'Tuesday: 9:00\u202fAM\u2009–\u20095:00\u202fPM', 'Wednesday: 9:00\u202fAM\u2009–\u20095:00\u202fPM', 'Thursday: 9:00\u202fAM\u2009–\u20095:00\u202fPM', 'Friday: 9:00\u202fAM\u2009–\u20095:00\u202fPM', 'Saturday: 9:00\u202fAM\u2009–\u20095:00\u202fPM', 'Sunday: Closed']"
Stormcell Hub,"151 NTA Rd, beside Graymed Pharmacy, Mgbuoba 500272, Port Harcourt, Rivers, Nigeria",4.856104699999999,6.9710957,0813 146 8060,,"['Monday: 9:00\u202fAM\u2009–\u20095:00\u202fPM', 'Tuesday: 9:00\u202fAM\u2009–\u20095:00\u202fPM', 'Wednesday: 9:00\u202fAM\u2009–\u20095:00\u202fPM', 'Thursday: 9:00\u202fAM\u2009–\u20095:00\u202fPM', 'Friday: 9:00\u202fAM\u2009–\u20095:00\u202fPM', 'Saturday: Closed', 'Sunday: Closed']"
OfficeHouse NG,"22 Thompson estate, Woji Rd, beside Genesis fastfood, Obia 500102, Port Harcourt, Rivers, Nigeria",4.8388005,7.043984000000001,0703 033 4060,5,"['Monday: 8:00\u202fAM\u2009–\u20096:00\u202fPM', 'Tuesday: 8:00\u202fAM\u2009–\u20096:00\u202fPM', 'Wednesday: 8:00\u202fAM\u2009–\u20096:00\u202fPM', 'Thursday: 8:00\u202fAM\u2009–\u20096:00\u202fPM', 'Friday: 8:00\u202fAM\u2009–\u20096:00\u202fPM', 'Saturday: 8:00\u202fAM\u2009–\u20096:00\u202fPM', 'Sunday: Closed']"
STRATEGIC HUB LIMITED,"Fonte House (Behind MRS Filling Station) First Artillery Junction, Port Harcourt - Aba Expy, Obia 500102, Port Harcourt, Rivers, Nigeria",4.8434417,7.039065899999999,0802 897 3599,4.6,"['Monday: 9:00\u202fAM\u2009–\u20095:00\u202fPM', 'Tuesday: 9:00\u202fAM\u2009–\u20095:00\u202fPM', 'Wednesday: 9:00\u202fAM\u2009–\u20095:00\u202fPM', 'Thursday: 9:00\u202fAM\u2009–\u20095:00\u202fPM', 'Friday: 9:00\u202fAM\u2009–\u20095:00\u202fPM', 'Saturday: 9:00\u202fAM\u2009–\u20093:00\u202fPM', 'Sunday: Closed']"
